tanggal_tagihan,nama_kolektor,nama_sales,customer_name,tanggal_transaksi,transaksi_id,tanda_terima,total_tagihan,cash,giro_id,giro_bank,no_giro,jatuh_tempo,giro_amount,transfer_id,tanggal_transfer,transfer_amount,nihil,keterangan
23/05/2023,Ade S,Eko,WIJAYA TEKNIK,15/02,23B00974,FALSE,1277721,,,,,,,,,,TRUE,
23/05/2023,Ade S,Eko,GALAXY MOTOR (Jakbar),03/03,23C00076,TRUE,2942499,,,,,,,qYyk0K1l,19/05,2942499,FALSE,
23/05/2023,Ade S,Hendra,BORNEO MOTOR (Jakut),11/03,23C00650,FALSE,3506990,3507000,,,,,,,,,FALSE,Lebih 10
23/05/2023,Ade S,Eko,555 MOTOR,16/03,23C00982,FALSE,1569540,1569500,,,,,,,,,FALSE,Kurang 40
23/05/2023,Ade S,Hendra,REZEKI MOTOR (Kedoya),06/02,23B00152,TRUE,1652524,1652500,,,,,,,,,FALSE,Kurang 24
23/05/2023,,,,08/02,23B00382,TRUE,1130768,1130800,,,,,,,,,FALSE,Lebih 32
23/05/2023,,,,13/02,23B00755,TRUE,2466043,2466000,,,,,,,,,FALSE,Kurang 43
23/05/2023,,,,16/02,23B01055,TRUE,1868374,1868400,,,,,,,,,FALSE,Lebih 26
23/05/2023,,,,20/02,23B01206,TRUE,1746696,1746700,,,,,,,,,FALSE,Lebih 4
23/05/2023,,,,24/03,23C01458,FALSE,10084139,,,,,,,,,,TRUE,
23/05/2023,Ade S,Hendra,HARIS JAYA MOTOR,07/02,23B00311,FALSE,909090,909000,,,,,,,,,FALSE,Kurang 90
23/05/2023,,,,14/02,23B00873,FALSE,1212120,1212100,,,,,,,,,FALSE,Kurang 20
23/05/2023,,,,28/02,23B02070,FALSE,6149955,,,,,,,,,,TRUE,
23/05/2023,,,,03/03,23C00104,FALSE,1025640,,,,,,,,,,TRUE,
23/05/2023,,,,15/03,23C00871,FALSE,2905203,,,,,,,,,,TRUE,
23/05/2023,Ade S,Eko,BUDI JAYA MOTOR (Kapuk),20/02,23B01214,TRUE,6479325,,Q1WE58u7,Permata Bank,No. 850376,10/06,7735000,,,,FALSE,Kurang 734
23/05/2023,,,,23/02,23B01696,TRUE,1256409,,,,,,,,,,FALSE,
23/05/2023,,,,27/02,23B01914,TRUE,410722,,CL2635xP,BRI,No. CGQ 606684,27/06,3082000,,,,FALSE,Kurang 359
23/05/2023,,,,04/03,23C00195,TRUE,2671637,,,,,,,,,,FALSE,
23/05/2023,,,,10/03,23C00586,FALSE,404040,,,,,,,,,,TRUE,
23/05/2023,,,,13/03,23C00738,FALSE,470085,,,,,,,,,,TRUE,
23/05/2023,,,,15/03,23C00861,FALSE,235431,,,,,,,,,,TRUE,
23/05/2023,,,,20/03,23C01283,FALSE,977777,,,,,,,,,,TRUE,
23/05/2023,,,,21/03,23C01402,FALSE,666666,,,,,,,,,,TRUE,
23/05/2023,,,,24/03,23C01514,FALSE,365967,,,,,,,,,,TRUE,
23/05/2023,Ade S,Eko,PINKA JAYA MOTOR,27/02,23B01962,FALSE,1326461,,1U1V3R5b,BCA,No. EX 051852,29/05,11644500,,,,FALSE,Kurang 99
23/05/2023,,,,03/03,23C00152,FALSE,1645353,,,,,,,,,,FALSE,
23/05/2023,,,,06/03,23C00204,FALSE,1444188,,,,,,,,,,FALSE,
23/05/2023,,,,11/03,23C00674,FALSE,1582250,,,,,,,,,,FALSE,
23/05/2023,,,,18/03,23C01185,FALSE,2008978,,,,,,,,,,FALSE,
23/05/2023,,,,20/03,23C01273,FALSE,730325,,,,,,,,,,FALSE,
23/05/2023,,,,21/03,23C01440,FALSE,2907046,,,,,,,,,,FALSE,
23/05/2023,,,,27/03,23C01722,FALSE,477922,,l75hv474,BCA,No. EX 051853,01/06,9499500,,,,FALSE,Kurang 80
23/05/2023,,,,28/03,23C01878,FALSE,6335802,,,,,,,,,,FALSE,
23/05/2023,,,,31/03,23C02190,FALSE,2685856,,,,,,,,,,FALSE,
23/05/2023,Ade S,Eko,UNION MOTOR PD (Teluk Gong),04/03,23C00196,FALSE,3337293,,,,,,,,,,TRUE,
23/05/2023,,,,15/03,23C00863,FALSE,6709162,,,,,,,,,,TRUE,
23/05/2023,Wira,Sugianto,MULTI MOTOR (Bekasi),09/02,23B00544,FALSE,64379267,5000000,,,,,,,,,FALSE,Cicilan ke-2
23/05/2023,Wira,Sugianto,ALMUGADA MOTOR,03/03,23C00132,FALSE,3536271,,,,,,,,,,TRUE,
23/05/2023,Wira,Sugianto,CITRA JAYA MOTOR,08/03,23C00488,FALSE,5406366,3406400,,,,,,,,,FALSE,"Pelunasan, Lebih 34"
23/05/2023,Wira,Sugianto,JAYA MOTOR (Bekasi),13/05,23E00892,FALSE,17410961,17411000,,,,,,,,,FALSE,Lebih 39
23/05/2023,,,,16/05,23E01213,FALSE,2068152,2068200,,,,,,,,,FALSE,Lebih 48
23/05/2023,,,,16/05,23E01235,FALSE,7164273,7164300,,,,,,,,,FALSE,Lebih 27
23/05/2023,Wira,Hendra,LANCAR MOTOR II,16/01,23A00530,TRUE,5593235,,,,,,,,,,TRUE,
23/05/2023,,,,04/02,23B00098,TRUE,8910636,,,,,,,,,,TRUE,
23/05/2023,Wira,Sugianto,MULTI MENTARI MOTOR,18/01,23A00813,FALSE,5139855,5139900,,,,,,,,,FALSE,Lebih 45
23/05/2023,,,,22/02,23B01548,FALSE,28288961,,,,,,,,,,TRUE,
23/05/2023,,,,23/02,23B01661,FALSE,3228435,3228400,,,,,,,,,FALSE,Kurang 35
23/05/2023,,,,25/02,23B01846,FALSE,6611415,,,,,,,,,,TRUE,
23/05/2023,Wira,Sugianto,SAHABAT JAYA MOTOR (Setu),15/02,23B00970,FALSE,3915137,1500000,,,,,,,,,FALSE,Cicilan ke-2
23/05/2023,,,,06/03,23C00241,FALSE,809490,,,,,,,,,,TRUE,
23/05/2023,Wira,Sugianto,ADI MOTOR (Bekasi),15/02,23B01003,FALSE,1394160,1394200,,,,,,,,,FALSE,Lebih 40
23/05/2023,,,,21/02,23B01365,FALSE,6898928,6898900,,,,,,,,,FALSE,Kurang 28
23/05/2023,,,,21/02,23B01367,FALSE,8217252,8217300,,,,,,,,,FALSE,Lebih 48
23/05/2023,,,,23/02,23B01688,FALSE,1758240,1758200,,,,,,,,,FALSE,Kurang 40
23/05/2023,,,,24/02,23B01749,FALSE,2139769,2139800,,,,,,,,,FALSE,Lebih 31
23/05/2023,,,,28/02,23B02089,FALSE,3976020,,,,,,,,,,TRUE,
23/05/2023,,,,28/02,23B02134,FALSE,2738925,,,,,,,,,,TRUE,
23/05/2023,Wira,Sugianto,MULYA MOTOR SERVICE II,23/02,23B01652,FALSE,1985213,,,,,,,,,,TRUE,
23/05/2023,,,,27/02,23B01862,FALSE,3649125,,,,,,,,,,TRUE,
23/05/2023,,,,28/02,23B02102,FALSE,1942500,,,,,,,,,,TRUE,
23/05/2023,,,,16/03,23C00962,FALSE,6972687,,,,,,,,,,TRUE,
23/05/2023,Wira,Sugianto,UPS MOTOR,10/03,23C00598,FALSE,701320,,,,,,,,,,TRUE,
23/05/2023,,,,14/03,23C00815,FALSE,2502095,,,,,,,,,,TRUE,
23/05/2023,Heru Sutan,Widodo,KURNIA MOTOR (Cipete),06/02,23B00153,FALSE,4977074,500000,,,,,,,,,FALSE,Cicilan ke-4
23/05/2023,Heru Sutan,Widodo,NR. JAYA MOTOR,14/03,23C00778,FALSE,2668218,2668200,,,,,,,,,FALSE,Kuarng 18
23/05/2023,Heru Sutan,Widodo,BERKAT MOTOR (Tangerang),10/01,23A00037,TRUE,5104335,,,,,,,,,,TRUE,
23/05/2023,,,,13/01,23A00365,TRUE,411810,,,,,,,,,,TRUE,
23/05/2023,Heru Sutan,Widodo,H P M MOTOR,10/02,23B00606,FALSE,4043586,,,,,,,4mM4L8Yh,23/05,4043585,FALSE,
23/05/2023,,,,17/02,23B01122,FALSE,1963246,,,,,,,,,,TRUE,
23/05/2023,,,,22/02,23B01524,FALSE,1666665,,,,,,,,,,TRUE,
23/05/2023,,,,03/03,23C00155,FALSE,3086089,,,,,,,,,,TRUE,
23/05/2023,,,,16/03,23C01027,FALSE,8248710,,,,,,,,,,TRUE,
23/05/2023,Heru Sutan,Widodo,GUN MOTOR,23/02,23B01654,FALSE,564879,,,,,,,c6i4fj2I,17/05,564879,FALSE,
23/05/2023,,,,23/02,23B01667,FALSE,3883601,,,,,,,739ew0j5,17/05,3883601,FALSE,
23/05/2023,,,,07/03,23C00451,FALSE,3330222,,,,,,,,,,TRUE,
23/05/2023,,,,07/03,23C00456,FALSE,1595803,,,,,,,,,,TRUE,
23/05/2023,Heru Sutan,Widodo,ANEKA MOTOR (Tangerang),02/03,23C00016,FALSE,48951,49000,,,,,,,,,FALSE,Lebih 49
23/05/2023,,,,03/03,23C00159,FALSE,1381506,1381500,,,,,,,,,FALSE,Kurang 6
23/05/2023,,,,08/03,23C00471,FALSE,1480185,1480200,,,,,,,,,FALSE,Lebih 15
23/05/2023,,,,10/03,23C00616,FALSE,1313907,1313900,,,,,,,,,FALSE,Kurang 7
23/05/2023,,,,15/03,23C00898,FALSE,1068375,,,,,,,,,,TRUE,
23/05/2023,,,,15/03,23C00904,FALSE,940947,,,,,,,,,,TRUE,
23/05/2023,Heru Sutan,Widodo,HIKARI MOTOR 2,28/02,23B02127,TRUE,228438,228400,,,,,,,,,FALSE,Kurang 38
23/05/2023,,,,07/03,23C00427,TRUE,362859,362900,,,,,,,,,FALSE,Lebih 41
23/05/2023,Heru Sutan,Widodo,HIKARI MOTOR,10/03,23C00619,TRUE,738927,738900,,,,,,,,,FALSE,Kurang 27
23/05/2023,,,,18/03,23C01139,FALSE,1905981,,,,,,,,,,TRUE,
23/05/2023,Agus,Sumarna,MITRA MOTOR (Sepatan),10/03,23C00591,FALSE,73299194,73299200,,,,,,,,,FALSE,Lebih 6
23/05/2023,Agus,Sumarna,RPS 94 RACING PARTS,30/12,22L02538,FALSE,18970166,,,,,,,f8xQ593h,17/05,18970166,FALSE,
23/05/2023,,,,11/01,23A00177,FALSE,1331467,,,,,,,384J8lgJ,17/05,1331467,FALSE,
23/05/2023,,,,17/01,23A00634,FALSE,1393938,,,,,,,gI9BJJSo,17/05,1393938,FALSE,
23/05/2023,,,,31/01,23A01632,FALSE,5650655,,,,,,,k7Du09I7,17/05,5650655,FALSE,
23/05/2023,,,,13/02,23B00821,FALSE,149450,,,,,,,08euEeeM,17/05,149450,FALSE,
23/05/2023,Agus,Sumarna,AKBAR JAYA MOTOR,10/01,23A00003,FALSE,18474574,6000000,,,,,,,,,FALSE,Cicilan ke-2
23/05/2023,,,,17/01,23A00631,FALSE,1826727,,,,,,,,,,TRUE,
23/05/2023,Agus,Sumarna,SAKTY MOTOR,18/01,23A00766,TRUE,8760298,,,,,,,,,,TRUE,
23/05/2023,,,,28/02,23B02075,TRUE,8479989,,,,,,,,,,TRUE,
23/05/2023,Agus,Sumarna,KARYA MANDIRI MOTOR (Tangerang),19/01,23A00861,FALSE,4365142,,,,,,,,,,TRUE,
23/05/2023,,,,17/02,23B01179,FALSE,3910974,,,,,,,,,,TRUE,
23/05/2023,,,,23/02,23B01606,FALSE,4393935,,,,,,,,,,TRUE,
23/05/2023,,,,27/02,23B01967,FALSE,986790,,,,,,,,,,TRUE,
23/05/2023,Agus,Sumarna,SOLUSI JAYA MOTOR,08/03,23C00505,FALSE,17569346,17569300,,,,,,,,,FALSE,Kurang 46
23/05/2023,,,,08/03,23C00507,FALSE,17956337,17956300,,,,,,,,,FALSE,Kurang 37
23/05/2023,,,,18/03,23C01183,FALSE,2424407,2424400,,,,,,,,,FALSE,Kurang 7
23/05/2023,Pourche,Hendra,SHAFIRA MOTOR,27/02,23B01918,FALSE,1289043,,,,,,,w89I0J51,14/05,1289043,FALSE,
23/05/2023,Pourche,Andy,WIN MOTOR (Cileungsi),13/03,23C00735,FALSE,3036250,1000000,,,,,,,,,FALSE,Cicilan ke-2
23/05/2023,Pourche,Andy,SETIA KAWAN MOTOR,17/03,23C01064,FALSE,17776983,17777000,,,,,,,,,FALSE,Lebih 17
23/05/2023,Pourche,Andy,ANNISA MOTOR II,30/12,22L02637,TRUE,18071411,,,,,,,4j76393k,20/05,3320056,FALSE,Pelunasan
23/05/2023,,,,25/01,23A01144,TRUE,4751355,,,,,,,,,,TRUE,
23/05/2023,,,,06/02,23B00232,TRUE,2264955,,,,,,,,,,TRUE,
23/05/2023,,,,17/02,23B01200,TRUE,18948377,,,,,,,,,,TRUE,
23/05/2023,,,,23/02,23B01603,TRUE,4840710,,,,,,,,,,TRUE,
23/05/2023,,,,24/02,23B01768,TRUE,7797328,,,,,,,,,,TRUE,
23/05/2023,,,,27/02,23B01969,TRUE,850815,,,,,,,,,,TRUE,
23/05/2023,Pourche,Andy,CALVIN MOTOR,10/02,23B00585,FALSE,3194580,,,,,,,,,,TRUE,
23/05/2023,,,,10/03,23C00595,FALSE,1983592,,,,,,,,,,TRUE,
23/05/2023,Pourche,Andy,MEGA MOTOR (Cibubur),13/03,23C00706,FALSE,16694178,,,,,,,76t47f39,23/05,16694178,FALSE,
23/05/2023,,,,18/03,23C01179,FALSE,10728927,,,,,,,,,,TRUE,
23/05/2023,Mursid,Hendra,DJAYA MOTOR,16/02,23B01057,FALSE,2854620,,,,,,,,,,TRUE,
23/05/2023,Mursid,Andy,PT. HUBAS SEDAYU PUTRA,23/02,23B01629,TRUE,86268257,,,,,,,,,,TRUE,
23/05/2023,Mursid,Hendra,NUNGGAL JAYA II,14/03,23C00797,FALSE,2424062,2424000,,,,,,,,,FALSE,Kurang 62
23/05/2023,Mursid,Hendra,BINTANG BARU MOTOR,15/03,23C00852,FALSE,1229702,1229700,,,,,,,,,FALSE,Kurang 2
23/05/2023,Mursid,Andy,SEN JAYA MOTOR II,17/03,23C01082,FALSE,2030301,2030300,,,,,,,,,FALSE,Kurang 1
23/05/2023,Mursid,Andy,FERDY MOTOR,17/03,23C01086,FALSE,1134420,,,,,,,,,,TRUE,
23/05/2023,Mursid,Widodo,BERKAH JAYA MOTOR (Cipayung),15/03,23C00891,FALSE,2631233,2631200,,,,,,,,,FALSE,Kurang 33
23/05/2023,,,,17/03,23C01048,FALSE,596736,596700,,,,,,,,,FALSE,Kurang 36
23/05/2023,Mursid,Andy,CV. MAKMUR JAYA MOTOR DEPOK,06/03,23C00233,TRUE,5372888,,,,,,,,,,FALSE,Lunas Tgl.12/05
23/05/2023,,,,24/03,23C01472,FALSE,6013181,,,,,,,,,,TRUE,
23/05/2023,Mursid,Andy,POLARIS MOTOR,07/03,23C00385,FALSE,3147205,,,,,,,,,,TRUE,
23/05/2023,,,,17/03,23C01078,FALSE,4239456,,,,,,,,,,TRUE,
23/05/2023,Indra L,Sumarna,PELANGI MOTOR (Balaraja),23/02,23B01633,FALSE,2176377,2176400,,,,,,,,,FALSE,Lebih 23
23/05/2023,Indra L,Sumarna,SUBUR MOTOR II,18/03,23C01182,FALSE,4298630,4298600,,,,,,,,,FALSE,Kurang 30
23/05/2023,Indra L,Sumarna,ANUGERAH MOTOR (Balaraja),20/03,23C01236,FALSE,13375678,,H7Qh56C4,B. MUAMALAT,No. MGE 329605,28/06,13376000,,,,FALSE,Lebih 322
23/05/2023,Indra L,Sumarna,FN JAYA MOTOR,30/01,23A01505,FALSE,12441701,1500000,,,,,,,,,FALSE,Cicilan ke-5
23/05/2023,,,,31/01,23A01764,FALSE,1852990,,,,,,,,,,TRUE,
23/05/2023,,,,06/02,23B00248,FALSE,784770,,,,,,,,,,TRUE,
23/05/2023,,,,15/02,23B00993,FALSE,5272389,,,,,,,,,,TRUE,
23/05/2023,Indra L,Hendra,CAHAYA MOTOR (Rajeg),03/03,23C00105,FALSE,860139,,,,,,,697yu3hA,22/05,5379637,FALSE,
23/05/2023,,,,11/03,23C00646,FALSE,4519498,,,,,,,,,,FALSE,
23/05/2023,Diko,Widodo,ANTARIKSA JAYA MOTOR,16/03,23C01033,FALSE,357420,,,,,,,e82zUE68,23/05,357000,FALSE,Kurang 420
23/05/2023,Diko,Widodo,BERKAH MOTOR (Pramuka),17/03,23C01052,FALSE,3095568,3095600,,,,,,,,,FALSE,Lebih 32
23/05/2023,Diko,Widodo,GEMILANG MOTOR (Depok),18/03,23C01135,FALSE,1087800,1087800,,,,,,,,,FALSE,
23/05/2023,Diko,Widodo,CAHAYA MOTOR 3 (Depok),18/01,23A00719,FALSE,1351436,1351400,,,,,,,,,FALSE,Kurang 36
23/05/2023,,,,23/02,23B02076,FALSE,7473441,2000000,,,,,,,,,FALSE,Cicilan ke-1
23/05/2023,,,,03/03,23C00090,FALSE,5313637,,,,,,,,,,TRUE,
23/05/2023,,,,07/03,23C00404,FALSE,1275190,,,,,,,,,,TRUE,
23/05/2023,,,,08/03,23C00484,FALSE,780330,,,,,,,,,,TRUE,
23/05/2023,,,,08/03,23C00509,FALSE,99656,,,,,,,,,,TRUE,
23/05/2023,Puji,Sugianto,ARV ERIC MOTOR,23/02,23B01584,TRUE,90106137,,,,,,,,,,TRUE,
23/05/2023,Puji,Sugianto,SUARA MOTOR,16/03,23C00967,FALSE,2135041,,,,,,,,,,TRUE,
23/05/2023,Puji,Sugianto,MANDIRI MOTOR (Bekasi),16/03,23C00968,FALSE,4018034,,,,,,,,,,TRUE,
23/05/2023,Puji,Sugianto,AXZEL MOTOR,20/01,23A00918,FALSE,3725715,,,,,,,,,,TRUE,
23/05/2023,,,,31/01,23A01792,FALSE,12975201,,,,,,,,,,TRUE,
23/05/2023,Puji,Sugianto,CV. ARVINDO MOTOPARTS,11/02,23B00708,TRUE,4140489,,,,,,,,,,TRUE,
23/05/2023,,,,20/02,23B01252,TRUE,7014090,,,,,,,,,,TRUE,
23/05/2023,Puji,Sugianto,BAROKAH MOTOR SPORT,06/03,23C00236,FALSE,1369296,,,,,,,,,,TRUE,
23/05/2023,,,,06/03,23C00243,FALSE,431080,,,,,,,,,,TRUE,
23/05/2023,Pak Yanto,Andy,BUANA BUBUT,14/02,23B00911,FALSE,42269344,7349600,,,,,,,,,FALSE,"Pelunasan, Kurang 44"
23/05/2023,,,,28/02,23B02047,FALSE,18496252,2650400,,,,,,,,,FALSE,Cicilan ke-1
23/05/2023,,,,07/03,23C00381,FALSE,6896474,,,,,,,,,,TRUE,
23/05/2023,Pak Yanto,Andy,ETA MOTOR (jonggol),21/03,23C01405,FALSE,10582518,,,,,,,,,,TRUE,
23/05/2023,,,,28/03,23C01896,FALSE,16124970,,,,,,,,,,TRUE,
23/05/2023,,,,31/03,23C02148,FALSE,8670210,,,,,,,,,,TRUE,
23/05/2023,Pak Yanto,Andy,GIAT MAKMUR MOTOR,30/12,22L02678,FALSE,24494925,2000000,,,,,,,,,FALSE,Cicilan ke-6
23/05/2023,Dll,Hendra,JAYA MOTOR (Paku Haji),12/05,23E00832,FALSE,1200132,1200100,,,,,,,,,FALSE,Kurang 32
23/05/2023,Dll,Andy,IRIAN JAYA MOTOR,16/05,23E01224,FALSE,2096202,2096200,,,,,,,,,FALSE,Kurang 2
23/05/2023,Dll,Widodo,PANCA JAYA MOTOR,19/05,23E01423,FALSE,2604615,2604600,,,,,,,,,FALSE,Kurang 15
23/05/2023,Dll,Sugianto,YTS MOTOR,17/05,23E01296,FALSE,3430566,3430600,,,,,,,,,FALSE,Lebih 34
23/05/2023,Dll,Hendra,BINTANG MOTOR (Poponcol),19/05,23E01390,FALSE,2090796,2090800,,,,,,,,,FALSE,Lebih 4
23/05/2023,Dll,Office,CASH,20/05,23E01455,FALSE,113442,113400,,,,,,,,,FALSE,Kurang 42
23/05/2023,Dll,Widodo,DUNIA MOTOR (Cipayung),15/05,23E00958,FALSE,3652233,3652200,,,,,,,,,FALSE,Kurang 33
23/05/2023,,,,13/05,23E00912,FALSE,2470250,2470200,,,,,,,,,FALSE,Kurang 50
23/05/2023,,,,16/05,23E01129,FALSE,3477652,3477700,,,,,,,,,FALSE,Lebih 48
23/05/2023,Dll,Hendra,LANGGANAN MOTOR,20/05,23E01480,FALSE,32938640,,,,,,,JH97b8i8,23/05,32938639,FALSE,
23/05/2023,Dll,Widodo,SUMBER MOTOR PRATAMA,20/05,23E01470,FALSE,2294592,,,,,,,904B901d,22/05,2294592,FALSE,
23/05/2023,Dll,Hendra,LANGGANAN MOTOR,22/05,23E01503,FALSE,19424301,,,,,,,v7Y38089,22/05,19424300,FALSE,
23/05/2023,Dll,Eko,SEMUA ADA SPAREPART,22/05,23E01502,FALSE,4905767,,,,,,,ptN0Os71,22/05,13159581,FALSE,
23/05/2023,,,,22/05,23E01504,FALSE,976689,,,,,,,,,,FALSE,
23/05/2023,,,,20/05,23E01454,FALSE,4452976,,,,,,,,,,FALSE,
23/05/2023,,,,20/05,23E01457,FALSE,2050237,,,,,,,,,,FALSE,
23/05/2023,,,,19/05,23E01438,FALSE,773914,,,,,,,,,,FALSE,
23/05/2023,Dll,Widodo,MITRA CENTRAL TEHNIK (MCT Bubut),19/05,23E01426,FALSE,166056,,,,,,,133rfAhX,22/05,1384303,FALSE,
23/05/2023,,,,17/05,23E01331,FALSE,1218247,,,,,,,,,,FALSE,
23/05/2023,Pak Yanto,Andy,PARHAN MOTOR,24/01,23A01132,FALSE,9669909,4669900,,,,,,,,,FALSE,"Pelunasan, Kurang 9"
23/05/2023,,,,06/02,23B00154,FALSE,5686852,2330000,,,,,,,,,FALSE,Cicilan ke-1
23/05/2023,,,,02/03,23C00030,FALSE,6517354,,,,,,,,,,TRUE,
23/05/2023,,,,16/03,23C01014,FALSE,12083438,,,,,,,,,,TRUE,
23/05/2023,Pak Yanto,Andy,MEGAH MOTOR (Bogor),31/01,23A01802,FALSE,19161786,,,,,,,,,,TRUE,
23/05/2023,,,,17/02,23B01105,FALSE,2741656,2741650,,,,,,,,,FALSE,Kurang 6
23/05/2023,,,,22/02,23B01490,FALSE,4919576,,,,,,,,,,TRUE,
23/05/2023,,,,02/03,23C00033,FALSE,8760187,,,,,,,,,,TRUE,
23/05/2023,,,,16/03,23C00956,FALSE,22798312,,,,,,,,,,TRUE,
23/05/2023,,,,24/03,23C01475,FALSE,2755409,,,,,,,,,,TRUE,
23/05/2023,Pak Yanto,Andy,KAWAN MOTOR (BGR),03/03,23C00101,FALSE,1235430,1235500,,,,,,,,,FALSE,Lebih 70
23/05/2023,Pak Yanto,Andy,YOSA MOTOR,04/03,23C00186,FALSE,1050504,1050600,,,,,,,,,FALSE,Lebih 96
23/05/2023,Pak Yanto,Andy,EMMSA MOTOR (Bogor),16/03,23C01023,FALSE,21667577,5000000,,,,,,,,,FALSE,Cicilan ke-3
23/05/2023,Pak Yanto,Andy,KURNIA MOTOR (Leuwiliang),22/02,23B01477,FALSE,10964092,8000000,,,,,,,,,FALSE,Cicilan ke-1
23/05/2023,,,,22/02,23B01547,FALSE,35413917,12000000,,,,,,,,,FALSE,"Pelunasan, Kurang 17"
23/05/2023,,,,06/03,23C00207,FALSE,10982007,,,,,,,,,,TRUE,
23/05/2023,Pak Yanto,Andy,STAR MOTOR (Bogor),03/03,23C00100,FALSE,6772721,6772700,,,,,,,,,FALSE,Kurang 21
23/05/2023,,,,16/03,23C01011,FALSE,6545837,6545900,,,,,,,,,FALSE,Lebih 63
23/05/2023,Pak Yanto,Andy,NAZWA MOTOR,17/03,23C01063,FALSE,21761206,6000000,,,,,,,,,FALSE,Cicilan ke-1
23/05/2023,,,,18/03,23C01158,FALSE,2671715,,,,,,,,,,TRUE,
23/05/2023,,,,20/03,23C01191,FALSE,2913750,,,,,,,,,,TRUE,
23/05/2023,Pak Yanto,Andy,SINAR SAMUDRA MOTOR,20/03,23C01193,FALSE,10021746,,,,,,,,,,FALSE,
23/05/2023,,,,20/03,23C01199,FALSE,48189218,30000000,,,,,,,,,FALSE,Cicilan ke-1
23/05/2023,,,,20/03,23C01295,FALSE,1149960,1149900,,,,,,,,,FALSE,Kurang 60
24/05/2023,Heru Sutan,Widodo,GJM MOTOR,19/01,23A00908,FALSE,16383278,2500000,,,,,,,,,FALSE,Cicilan ke-2
24/05/2023,Heru Sutan,Widodo,STAR MOTOR (Jampang),13/02,23B00815,FALSE,26752665,,,,,,,u68W2Vhz,24/05,10000000,FALSE,Cicilan ke-2
24/05/2023,Heru Sutan,Widodo,MANDIRI JAYA MOTOR (Parung),16/02,23B01029,FALSE,1750581,,,,,,,84TKCj37,17/05,400000,FALSE,Cicilan ke-3
24/05/2023,Heru Sutan,Widodo,JAYA STAR MOTOR,20/02,23B01253,FALSE,4338768,,,,,,,,,,TRUE,
24/05/2023,Heru Sutan,Widodo,PUTRA MOTOR (Bogor),24/01,23A01077,FALSE,2816703,1316700,,,,,,,,,FALSE,"Pelunasan, Kurang 3"
24/05/2023,,,,10/02,23B00612,FALSE,2449493,,,,,,,,,,TRUE,
24/05/2023,,,,10/02,23B00619,FALSE,700077,,,,,,,,,,TRUE,
24/05/2023,,,,20/02,23B01239,FALSE,1065778,,,,,,,,,,TRUE,
24/05/2023,,,,21/02,23B01325,FALSE,1461737,,,,,,,,,,TRUE,
24/05/2023,,,,22/02,23B01496,FALSE,672882,,,,,,,,,,TRUE,
24/05/2023,,,,27/02,23B01945,FALSE,1753378,,,,,,,,,,TRUE,
24/05/2023,Heru Sutan,Widodo,KEMANG RAYA MOTOR,14/02,23B00904,FALSE,9235344,,,,,,,9Li07MJh,22/05,3000000,FALSE,Cicilan ke-1
24/05/2023,,,,14/02,23B00930,FALSE,9335167,,,,,,,,,,TRUE,
24/05/2023,Heru Sutan,Widodo,BENGKEL BUBUT CAHAYA,28/02,23B02086,TRUE,1895303,,,,,,,f31DC5l5,20/05,12102885,FALSE,
24/05/2023,,,,03/03,23C00156,TRUE,3837359,,,,,,,,,,FALSE,
24/05/2023,,,,04/03,23C00178,TRUE,5513081,,,,,,,,,,FALSE,
24/05/2023,,,,08/03,23C00483,TRUE,857142,,,,,,,,,,FALSE,
24/05/2023,,,,14/03,23C00807,FALSE,11304817,,,,,,,,,,TRUE,
24/05/2023,,,,16/03,23C01022,FALSE,2684624,,,,,,,,,,TRUE,
24/05/2023,,,,18/03,23C01143,FALSE,14711463,,,,,,,,,,TRUE,
24/05/2023,,,,20/03,23C01279,FALSE,87912,,,,,,,,,,TRUE,
24/05/2023,,,,27/03,23C01793,FALSE,1037184,,,,,,,,,,TRUE,
24/05/2023,,,,27/03,23C01797,FALSE,3496056,,,,,,,,,,TRUE,
24/05/2023,,,,29/03,23C01956,FALSE,1924463,,,,,,,,,,TRUE,
24/05/2023,,,,29/03,23C01959,FALSE,769785,,,,,,,,,,TRUE,
24/05/2023,,,,30/03,23C02078,FALSE,13934130,,,,,,,,,,TRUE,
24/05/2023,Heru Sutan,Widodo,MANDIRI MOTOR (Gunung Sindur),06/03,23C00223,FALSE,6015978,6016000,,,,,,,,,FALSE,Lebih 22
24/05/2023,,,,20/03,23C01208,FALSE,7918918,,,,,,,,,,TRUE,
24/05/2023,,,,20/03,23C01226,FALSE,791297,,,,,,,,,,TRUE,
24/05/2023,Diko,Widodo,GALAXY MOTOR 2,06/07,22G00417,FALSE,644910,300000,,,,,,,,,FALSE,Cicilan ke-1
24/05/2023,Diko,Widodo,HASIM MOTOR,15/03,23C00893,FALSE,2184769,1000000,,,,,,,,,FALSE,Cicilan ke-1
24/05/2023,Diko,Widodo,A&A MOTOR,16/03,23C01018,FALSE,1215938,1215900,,,,,,,,,FALSE,Kurang 38
24/05/2023,Diko,Widodo,SENSASI JAYA MOTOR,16/03,23C01034,FALSE,2104360,2104400,,,,,,,,,FALSE,Lebih 40
24/05/2023,Diko,Widodo,BERKAH JAYA MOTOR (CJDW 2),17/03,23C01044,FALSE,1571094,1571000,,,,,,,,,FALSE,Kurang 94
24/05/2023,Diko,Widodo,555 MOTOR (Tebet),03/02,23B00039,TRUE,3368184,2292400,,,,,,,,,FALSE,"Pelunasan, Lebih 16"
24/05/2023,,,,10/02,23B00655,TRUE,2769250,2769250,,,,,,,,,FALSE,
24/05/2023,,,,10/02,23B00657,TRUE,1895802,1895800,,,,,,,,,FALSE,Kurang 2
24/05/2023,,,,10/02,23B00659,TRUE,3890983,3891000,,,,,,,,,FALSE,Lebih 17
24/05/2023,,,,21/02,23B01386,TRUE,3241433,2977000,,,,,,,,,FALSE,Cicilan ke-1
24/05/2023,,,,21/02,23B01388,TRUE,909656,,,,,,,,,,TRUE,
24/05/2023,,,,21/02,23B01393,TRUE,2125284,,,,,,,,,,TRUE,
24/05/2023,,,,24/02,23B01769,TRUE,4700584,,,,,,,,,,TRUE,
24/05/2023,Diko,Widodo,ARYA RACING TEAM (ART),16/02,23B01066,FALSE,11275513,6275500,,,,,,,,,FALSE,Cicilan ke-1
24/05/2023,,,,21/02,23B01450,FALSE,721367,,,,,,,,,,TRUE,
24/05/2023,Diko,Widodo,BINTANG MOTOR (Jagakarsa),28/02,23B02037,FALSE,2472492,2472500,,,,,,,,,FALSE,Lebih 8
24/05/2023,,,,06/03,23C00287,FALSE,717948,718000,,,,,,,,,FALSE,Lebih 52
24/05/2023,,,,15/03,23C00882,FALSE,1673658,1673700,,,,,,,,,FALSE,Lebih 42
24/05/2023,,,,17/03,23C01114,FALSE,260295,,,,,,,,,,TRUE,
24/05/2023,,,,17/03,23C01119,FALSE,1258740,,,,,,,,,,TRUE,
24/05/2023,Diko,Widodo,BERKAH JAYA MOTOR (Tanah Baru),06/03,23C00200,FALSE,603396,,,,,,,,,,TRUE,
24/05/2023,,,,07/03,23C00402,FALSE,1946052,,,,,,,,,,TRUE,
24/05/2023,Diko,Widodo,RIAN MOTOR,09/03,23C00541,FALSE,821977,822000,,,,,,,,,FALSE,Lebih 23
24/05/2023,,,,20/03,23C01234,FALSE,5026946,5027000,,,,,,,,,FALSE,Lebih 54
24/05/2023,Diko,Widodo,F 8 MOTOR,17/03,23C01128,FALSE,3687487,3687500,,,,,,,,,FALSE,Lebih 13
24/05/2023,,,,20/03,23C01221,FALSE,1026961,1027000,,,,,,,,,FALSE,Lebih 39
24/05/2023,Wira,Hendra,FLY MOTOMART,06/03,23C00268,FALSE,4035893,4035900,,,,,,,,,FALSE,Lebih 7
24/05/2023,Wira,Hendra,ANUGRAH MOTOR (Pondok Gede),15/03,23C00874,FALSE,1263402,,,,,,,3Lo8LW59,24/05,1263402,FALSE,
24/05/2023,Wira,Sugianto,SINAR JAYA MOTOR (Jak-Tim),07/09,22I00564,FALSE,30633813,,,,,,,,,,FALSE,
24/05/2023,,,,07/09,22I00567,FALSE,21804019,,,,,,,,,,FALSE,
24/05/2023,Wira,Hendra,CV. MOTOR LAND GROUP,09/12,22L00575,TRUE,16125359,,,,,,,a40KL86T,15/05,15883990,FALSE,Pelunasan
24/05/2023,,,,30/12,22L02426,TRUE,16345738,,,,,,,642h48Js,23/05,16345738,FALSE,
24/05/2023,,,,07/02,23B00348,FALSE,22792984,,,,,,,,,,TRUE,
24/05/2023,Wira,Sugianto,TARUNA MOTOR (Pondok Gede),11/02,23B00688,TRUE,512820,,,,,,,mZZ60ff7,10/05,2412585,FALSE,
24/05/2023,,,,11/02,23B00715,TRUE,275835,,,,,,,,,,FALSE,
24/05/2023,,,,23/02,23B01698,TRUE,1623930,,,,,,,,,,FALSE,
24/05/2023,Wira,Hendra,PT. MAXIMA GEMILANG MOTOR,14/02,23B00882,TRUE,8739962,8740000,,,,,,,,,FALSE,Lebih 38
24/05/2023,,,,15/02,23B00971,TRUE,3260381,3260400,,,,,,,,,FALSE,Lebih 19
24/05/2023,Wira,Sugianto,TANTRI MOTOR,15/02,23B00999,FALSE,5673765,5673800,,,,,,,,,FALSE,Lebih 35
24/05/2023,,,,17/02,23B01190,FALSE,677566,677600,,,,,,,,,FALSE,Lebih 34
24/05/2023,Wira,Sugianto,ANEKA MOTOR (Pondok Gede),24/02,23B01732,FALSE,897812,,,,,,,,,,TRUE,
24/05/2023,,,,09/03,23C00563,FALSE,237207,,,,,,,,,,TRUE,
24/05/2023,,,,09/03,23C00585,FALSE,5182679,,,,,,,,,,TRUE,
24/05/2023,Wira,Sugianto,JATI ASIH MOTOR II,09/03,23C00547,FALSE,2582304,2582300,,,,,,,,,FALSE,Kurang 4
24/05/2023,,,,14/03,23C00823,FALSE,1273503,1273500,,,,,,,,,FALSE,Kurang 3
24/05/2023,,,,20/03,23C01266,FALSE,1429680,1429700,,,,,,,,,FALSE,Lebih 20
24/05/2023,Wira,Hendra,CRISANMAS MOTOR,14/03,23C00787,FALSE,1896435,,,,,,,,,,TRUE,
24/05/2023,,,,16/03,23C00944,FALSE,6202458,,,,,,,,,,TRUE,
24/05/2023,Pourche,Andy,SILIWANGI MOTOR,23/02,23B01636,FALSE,14951012,,,,,,,agoyZ399,17/05,5000000,FALSE,Cicilan ke-2
24/05/2023,Pourche,Andy,PERMATA MOTOR,03/03,23C00098,FALSE,10930292,10930300,,,,,,,,,FALSE,Lebih 8
24/05/2023,Pourche,Andy,ALI MOTOR 3,03/03,23C00114,FALSE,8555547,,,,,,,,,,TRUE,
24/05/2023,Pourche,Hendra,AJITA MOTOR,15/03,23C00850,FALSE,1002885,1002900,,,,,,,,,FALSE,Lebih 15
24/05/2023,Pourche,Hendra,STUDIO MOTOR,16/03,23C00958,FALSE,16324848,,,,,,,,,,TRUE,
24/05/2023,Pourche,Hendra,HARAPAN MOTOR (Cilodong),16/03,23C00973,FALSE,1948716,,,,,,,,,,TRUE,
24/05/2023,Pourche,Hendra,RISKY MOTOR,30/12,22L02531,FALSE,14161202,,,,,,,,,,TRUE,
24/05/2023,,,,11/01,23A00176,FALSE,322455,,,,,,,,,,TRUE,
24/05/2023,,,,17/01,23A00610,FALSE,3913671,,,,,,,,,,TRUE,
24/05/2023,,,,17/01,23A00684,FALSE,1407924,,,,,,,,,,TRUE,
24/05/2023,Pourche,Andy,BERLIAN JAYA MOTOR,09/03,23C00545,FALSE,6981345,,,,,,,2NBqvw3N,24/05,19126700,FALSE,Lebih 68
24/05/2023,,,,13/03,23C00707,FALSE,5792535,,,,,,,,,,FALSE,
24/05/2023,,,,17/03,23C01073,FALSE,6352752,,,,,,,,,,FALSE,
24/05/2023,Pourche,Andy,JESIKA MOTOR,10/03,23C00606,FALSE,15135616,15135600,,,,,,,,,FALSE,Kurang 16
24/05/2023,,,,16/03,23C00951,FALSE,8573451,8573500,,,,,,,,,FALSE,Lebih 49
24/05/2023,,,,16/03,23C01020,FALSE,5028566,5028600,,,,,,,,,FALSE,Lebih 34
24/05/2023,,,,17/03,23C01075,FALSE,8481310,8481300,,,,,,,,,FALSE,Kurang 10
24/05/2023,Pourche,Hendra,1212 MOTOR,16/03,23C00948,FALSE,790964,791000,,,,,,,,,FALSE,Lebih 36
24/05/2023,,,,20/03,23C01253,FALSE,2167830,2167800,,,,,,,,,FALSE,Kurang 30
24/05/2023,Pourche,Hendra,RADEN JAYA MOTOR,18/03,23C01170,FALSE,4327113,,,,,,,z178Wf7f,24/05,4785543,FALSE,
24/05/2023,,,,20/03,23C01300,FALSE,458430,,,,,,,,,,FALSE,
24/05/2023,Agus,Hendra,DUA JAYA MOTOR,03/03,23C00125,FALSE,1960682,1960700,,,,,,,,,FALSE,Lebih 18
24/05/2023,Agus,Sumarna,TUNAS JAYA MOTOR (Tangerang),30/12,22L02812,FALSE,3642798,500000,,,,,,,,,FALSE,"Pelunasan, Lebih 2"
24/05/2023,,,,20/01,23A00994,FALSE,2416581,1000000,,,,,,,,,FALSE,Cicilan ke-1
24/05/2023,,,,24/02,23B01722,FALSE,2681760,,,,,,,,,,TRUE,
24/05/2023,Agus,Sumarna,AFU MOTOR,06/02,23B00281,TRUE,731934,,,,,,,,,,TRUE,
24/05/2023,,,,21/02,23B01390,TRUE,2776388,,,,,,,,,,TRUE,
24/05/2023,,,,21/02,23B01423,TRUE,865800,,,,,,,,,,TRUE,
24/05/2023,,,,24/02,23B01780,TRUE,10991609,,,,,,,,,,TRUE,
24/05/2023,Agus,Sumarna,GUNA KARYA MOTOR,07/02,23B00368,FALSE,6401592,3000000,,,,,,,,,FALSE,Cicilan ke-3
24/05/2023,,,,22/02,23B01525,FALSE,442002,,,,,,,,,,TRUE,
24/05/2023,,,,09/03,23C00577,FALSE,388500,,,,,,,,,,TRUE,
24/05/2023,,,,17/03,23C01103,FALSE,6014424,,,,,,,,,,TRUE,
24/05/2023,Agus,Sumarna,CAHAYA JAYA MOTOR,08/02,23B00434,FALSE,11653835,11653800,,,,,,,,,FALSE,Kurang 35
24/05/2023,,,,13/02,23B00801,FALSE,780885,780900,,,,,,,,,FALSE,Lebih 15
24/05/2023,,,,13/02,23B00836,FALSE,681429,681400,,,,,,,,,FALSE,Kurang 29
24/05/2023,,,,16/02,23B01070,FALSE,407925,407900,,,,,,,,,FALSE,Kurang 25
24/05/2023,,,,21/02,23B01417,FALSE,1239315,1239300,,,,,,,,,FALSE,Kurang 15
24/05/2023,,,,22/02,23B01536,FALSE,559440,559500,,,,,,,,,FALSE,Lebih 60
24/05/2023,Indra L,Sumarna,PUTRA JAYA ABADI MOTOR,25/02,23B01838,FALSE,10551738,,,,,,,,,,TRUE,
24/05/2023,Indra L,Sumarna,BERKAH MOTOR (Cikupa),28/02,23B02142,FALSE,16726368,,,,,,,aBF6JV24,24/05,5000000,FALSE,Cicilan ke-2
24/05/2023,Indra L,Sumarna,JILL'S TEHNIK,27/01,23A01370,FALSE,3046617,3046600,,,,,,,,,FALSE,Kurang 17
24/05/2023,,,,03/02,23B00032,FALSE,1842656,1842700,,,,,,,,,FALSE,Lebih 44
24/05/2023,,,,21/02,23B01422,FALSE,444444,,,,,,,,,,TRUE,
24/05/2023,Indra L,Sumarna,LYN JAYA MOTOR,09/02,23B00533,FALSE,2930178,2930200,,,,,,,,,FALSE,Lebih 22
24/05/2023,,,,20/02,23B01286,FALSE,11445399,,,,,,,,,,TRUE,
24/05/2023,,,,28/02,23B02002,FALSE,2338937,2338900,,,,,,,,,FALSE,Kurang 37
24/05/2023,,,,10/03,23C00621,FALSE,9602188,,,,,,,,,,TRUE,
24/05/2023,Indra L,Sumarna,DAMAI MOTOR (Tangerang),13/02,23B00802,FALSE,4669626,4669600,,,,,,,,,FALSE,Kurang 26
24/05/2023,,,,02/03,23C00045,FALSE,10579277,10579300,,,,,,,,,FALSE,Lebih 23
24/05/2023,,,,02/03,23C00048,FALSE,7045015,7045000,,,,,,,,,FALSE,Kurang 15
24/05/2023,,,,02/03,23C00051,FALSE,21905939,21905900,,,,,,,,,FALSE,Kurang 39
24/05/2023,,,,09/03,23C00540,FALSE,12527460,,,,,,,,,,TRUE,
24/05/2023,,,,09/03,23C00579,FALSE,673992,,,,,,,,,,TRUE,
24/05/2023,,,,10/03,23C00620,FALSE,25890783,,,,,,,,,,TRUE,
24/05/2023,Mursid,Hendra,CALVIN JAYA MOTOR,14/03,23C00801,FALSE,3731487,1000000,,,,,,,,,FALSE,Cicilan ke-1
24/05/2023,Mursid,Widodo,LEBAK JAYA MOTOR (Ciseeng),18/03,23C01189,FALSE,4414437,,,,,,,,,,TRUE,
24/05/2023,Mursid,Widodo,WIJAYA MOTOR 88,21/03,23C01377,FALSE,3931620,3931600,,,,,,,,,FALSE,Kurang 20
24/05/2023,Mursid,Hendra,PARUNG MOTOR,31/01,23A01833,FALSE,2364411,600000,,,,,,,,,FALSE,Cicilan ke-2
24/05/2023,,,,07/02,23B00312,FALSE,896658,,,,,,,,,,TRUE,
24/05/2023,,,,07/02,23B00315,FALSE,2377620,,,,,,,,,,TRUE,
24/05/2023,Mursid,Hendra,MAJU BERSAMA MOTOR,14/03,23C00817,FALSE,6961199,6961200,,,,,,,,,FALSE,Lebih 1
24/05/2023,,,,15/03,23C00873,FALSE,2032965,2033000,,,,,,,,,FALSE,Lebih 35
24/05/2023,,,,16/03,23C00970,FALSE,792540,792500,,,,,,,,,FALSE,Kurang 40
24/05/2023,Mursid,Widodo,CV. SINAR REZEKI MOTOR,17/03,23C01045,FALSE,7218552,,,,,,,,,,TRUE,
24/05/2023,,,,30/03,23C02032,FALSE,1035031,,,,,,,,,,TRUE,
24/05/2023,Mursid,Widodo,PT. MDUA MOTOR INDONESIA,20/03,23C01238,FALSE,12677921,12677900,,,,,,,,,FALSE,Kurang 21
24/05/2023,,,,21/03,23C01327,FALSE,5149734,5149700,,,,,,,,,FALSE,Kurang 34
24/05/2023,Ade S,Eko,KARYA BARU MOTOR (KBM),13/03,23C00748,FALSE,6983343,,,,,,,,,,FALSE,LUAR KOTA NGINAP
24/05/2023,Ade S,Eko,JAYA ABADI,13/03,23C00752,FALSE,56472471,,,,,,,,,,FALSE,
24/05/2023,Ade S,Eko,BEDI MOTOR,30/03,23C02051,FALSE,23795292,,,,,,,,,,FALSE,
24/05/2023,Ade S,Eko,KENAN MOTOR,17/01,23A00600,FALSE,5390826,,,,,,,,,,FALSE,
24/05/2023,,,,28/02,23B01990,FALSE,2635029,,,,,,,,,,FALSE,
24/05/2023,Ade S,Eko,ERUL MOTOR,27/02,23B01972,FALSE,4409186,,,,,,,,,,FALSE,
24/05/2023,,,,13/03,23C00750,FALSE,2437027,,,,,,,,,,FALSE,
24/05/2023,Puji,Sugianto,M J TEHNIK,07/03,23C00366,FALSE,6600615,3000600,,,,,,,,,FALSE,"Pelunasan, Kurang 15"
24/05/2023,Puji,Sugianto,LAVANNA MOTOR,08/03,23C00508,FALSE,5094012,3000000,,,,,,,,,FALSE,Cicilan ke-1
24/05/2023,Puji,Sugianto,MITRA JASA MOTOR (Perjuangan),11/03,23C00680,TRUE,1782127,,,,,,,1847E114,15/05,1782127,FALSE,
24/05/2023,Puji,Sugianto,CV. CIPTA MANUNGGAL,03/03,23C00075,FALSE,5135193,,,,,,,,,,TRUE,
24/05/2023,,,,15/03,23C00924,FALSE,1623930,,,,,,,,,,TRUE,
24/05/2023,Puji,Sugianto,KARYA MANDIRI MOTOR,11/03,23C00679,TRUE,964501,,,,,,,05Ad4467,19/05,4169238,FALSE,
24/05/2023,,,,13/03,23C00727,TRUE,3204737,,,,,,,,,,FALSE,
24/05/2023,Pak Yanto,Widodo,BERKAH JAYA (Gandul),27/01,23A01340,FALSE,5567827,,,,,,,,,,TRUE,
24/05/2023,Pak Yanto,Widodo,APUNG MOTOR (Gandul),15/03,23C00897,FALSE,8371354,8371400,,,,,,,,,FALSE,Lebih 46
24/05/2023,Pak Yanto,Widodo,BERKAH JAYA MOTOR (Cilandak),31/01,23A01599,FALSE,4041721,1000000,,,,,,,,,FALSE,Cicilan ke-2
24/05/2023,,,,31/01,23A01650,FALSE,2937060,,,,,,,,,,TRUE,
24/05/2023,,,,14/02,23B00865,FALSE,3247083,,,,,,,,,,TRUE,
24/05/2023,,,,27/02,23B01905,FALSE,218337,,,,,,,,,,TRUE,
24/05/2023,,,,14/03,23C00828,FALSE,888888,,,,,,,,,,TRUE,
24/05/2023,Pak Yanto,Widodo,RAFFI MOTOR,15/02,23B01009,FALSE,2797200,1000000,,,,,,,,,FALSE,Cicilan ke-2
24/05/2023,,,,15/02,23B01014,FALSE,1968918,,,,,,,,,,TRUE,
24/05/2023,Pak Yanto,Eko,PT. KUSUMA SENTOSA ABADI,31/03,22C02777,TRUE,71930012,,,,,,,6oReQ099,10/05,3000000,FALSE,Cicilan ke-15
24/05/2023,,,,06/04,22D00132,TRUE,2722608,,,,,,,,,,TRUE,
24/05/2023,,,,08/04,22D00259,TRUE,3099398,,,,,,,,,,TRUE,
24/05/2023,,,,08/04,22D00262,TRUE,7728930,,,,,,,,,,TRUE,
24/05/2023,,,,22/04,22D01187,TRUE,4461867,,,,,,,,,,TRUE,
24/05/2023,,,,22/04,22D01189,TRUE,3929189,,,,,,,,,,TRUE,
24/05/2023,,,,23/04,22D01203,TRUE,11260062,,,,,,,,,,TRUE,
24/05/2023,,,,18/05,22E00679,TRUE,8691278,,,,,,,,,,TRUE,
24/05/2023,Pak Yanto,Sumarna,HAN JAYA MOTOR 2,12/05,23E00874,TRUE,130970399,,,,,,,JNNhK30R,20/05,20000000,FALSE,Cicilan ke-2
24/05/2023,Pak Yanto,Sugianto,BERKAH JAYA MOTOR (Karawang),06/03,23C00231,FALSE,3361524,,,,,,,vOzCJ99Z,20/05,3361524,FALSE,
24/05/2023,Pak Yanto,Sugianto,BERLIAN MOTOR (Karawang),20/03,23C01196,FALSE,1737483,,,,,,,780199n6,23/05,1737483,FALSE,
24/05/2023,Pak Yanto,Sugianto,CAHAYA MOTOR (Karawang),19/01,23A00897,FALSE,2292927,2293000,,,,,,,,,FALSE,Lebih 73
24/05/2023,,,,13/02,23B00772,FALSE,202020,202000,,,,,,,,,FALSE,Kurang 20
24/05/2023,,,,20/03,23C01207,FALSE,1934730,,,,,,,,,,TRUE,
24/05/2023,Pak Yanto,Sugianto,CENTRAL MOTOR (Kosambi),16/02,23B01065,FALSE,16388340,16388300,,,,,,,,,FALSE,Kurang 40
24/05/2023,,,,23/02,23B01646,FALSE,1495725,1495700,,,,,,,,,FALSE,Kurang 25
24/05/2023,,,,23/02,23B01687,FALSE,2418801,2418800,,,,,,,,,FALSE,Kurang 1
24/05/2023,,,,25/02,23B01856,FALSE,536907,536900,,,,,,,,,FALSE,Kurang 7
24/05/2023,,,,28/02,23B02112,FALSE,9122446,,,,,,,,,,TRUE,
24/05/2023,,,,28/02,23B02117,FALSE,3179484,,,,,,,,,,TRUE,
24/05/2023,,,,28/02,23B02140,FALSE,7825655,,,,,,,,,,TRUE,
24/05/2023,,,,06/03,23C00303,FALSE,973892,,,,,,,,,,TRUE,
24/05/2023,,,,06/03,23C00309,FALSE,1571871,,,,,,,,,,TRUE,
24/05/2023,,,,07/03,23C00415,FALSE,1377466,,,,,,,,,,TRUE,
24/05/2023,,,,07/03,23C00460,FALSE,10368677,,,,,,,,,,TRUE,
24/05/2023,,,,08/03,23C00496,FALSE,1448328,,,,,,,,,,TRUE,
24/05/2023,,,,21/03,23C01345,FALSE,5339544,,,,,,,,,,TRUE,
24/05/2023,,,,21/03,23C01351,FALSE,9483685,,,,,,,,,,TRUE,
24/05/2023,,,,21/03,23C01356,FALSE,10012811,,,,,,,,,,TRUE,
24/05/2023,Pak Yanto,Sugianto,MAJU WIJAYA MOTOR,16/02,23B01074,TRUE,6382733,,,,,,,,,,TRUE,
24/05/2023,,,,16/02,23B01082,TRUE,8555658,,,,,,,,,,TRUE,
24/05/2023,,,,20/02,23B01282,TRUE,1677332,,,,,,,,,,TRUE,
24/05/2023,,,,23/02,23B01684,TRUE,530136,,,,,,,,,,TRUE,
24/05/2023,,,,28/02,23B02133,TRUE,6238899,,,,,,,,,,TRUE,
24/05/2023,,,,21/03,23C01317,FALSE,8719605,,,,,,,,,,TRUE,
24/05/2023,Pak Yanto,Sugianto,MURAH JAYA MOTOR (Karawang),21/02,23B01359,FALSE,4933950,,,,,,,,,,TRUE,
24/05/2023,,,,28/02,23B02105,FALSE,473970,,,,,,,,,,TRUE,
24/05/2023,Pak Yanto,Sugianto,LAKSANA MOTOR (Karawang),28/02,23B02082,FALSE,3061824,,,,,,,,,,TRUE,
24/05/2023,,,,28/02,23B02101,FALSE,1598722,1000000,,,,,,,,,FALSE,Cicilan ke-1
24/05/2023,Pak Yanto,Sugianto,ETANINA MOTOR,03/03,23C00129,FALSE,54699457,,,,,,,,,,TRUE,
24/05/2023,,,,03/03,23C00141,FALSE,2025639,,,,,,,,,,TRUE,
24/05/2023,,,,07/03,23C00325,FALSE,2452745,,,,,,,,,,TRUE,
24/05/2023,Pak Yanto,Sugianto,AGUNG RAYA MOTOR,04/03,23C00194,TRUE,4921052,,,,,,,335RgGQ7,22/05,6486707,FALSE,
24/05/2023,,,,07/03,23C00414,TRUE,1565655,,,,,,,,,,FALSE,
24/05/2023,,,,21/03,23C01323,FALSE,4712272,,,,,,,,,,TRUE,
24/05/2023,,,,21/03,23C01372,FALSE,2119734,,,,,,,,,,TRUE,
24/05/2023,Pak Yanto,Sugianto,MERPATI MOTOR,15/03,23C00877,FALSE,849261,,,,,,,,,,TRUE,
24/05/2023,,,,15/03,23C00935,FALSE,1466976,,,,,,,,,,TRUE,
24/05/2023,,,,20/03,23C01220,FALSE,25956462,,,,,,,,,,TRUE,
24/05/2023,,,,20/03,23C01240,FALSE,25595079,,,,,,,,,,TRUE,
24/05/2023,Pak Yanto,Sugianto,D M MOTOR,20/03,23C01243,FALSE,1465833,1465800,,,,,,,,,FALSE,Kurang 33
24/05/2023,,,,20/03,23C01246,FALSE,892540,892500,,,,,,,,,FALSE,Kurang 40
24/05/2023,Pak Yanto,Sugianto,HASAN MOTOR,03/03,23C00120,FALSE,294505,,,,,,,3A1Mbtij,20/05,294506,FALSE,
24/05/2023,,,,04/03,23C00161,FALSE,2071948,,,,,,,00KQl9ff,20/05,2071949,FALSE,
24/05/2023,,,AHSAN MOTOR,30/12,19L01420,TRUE,13683032,,,,,,,,,,TRUE,
24/05/2023,,,,20/01,20A00747,TRUE,78364121,,,,,,,,,,TRUE,
24/05/2023,,,,05/02,20B00170,TRUE,58603908,,,,,,,,,,TRUE,
24/05/2023,Pak Yanto,Sugianto,STASIUN MOTOR,20/03,23C01219,FALSE,1638027,,,,,,,,,,TRUE,
24/05/2023,,,,30/03,23C02083,FALSE,1614506,,,,,,,,,,TRUE,
24/05/2023,,,,30/03,23C02104,FALSE,1315927,,,,,,,,,,TRUE,
24/05/2023,,,,28/04,23D01025,FALSE,924020,,,,,,,,,,TRUE,
24/05/2023,,,,02/05,2.30E+71,FALSE,1158507,,,,,,,,,,TRUE,
24/05/2023,Pak Yanto,Andy,MENTARI MOTOR (Bogor),31/01,23A01828,FALSE,10193718,2693700,,,,,,3Xu832s4,24/05,2000000,FALSE,"Cicilan ke-3, Pelunasan, Kurang 18"
24/05/2023,Pak Yanto,Andy,MANGGUNG JAYA TEKNIK,13/03,23C00703,FALSE,29763296,,,,,,,s53K40Tb,10/05,29763295,FALSE,
24/05/2023,Pak Yanto,Andy,MURAH MOTOR,25/03,23C01589,FALSE,28294178,,,,,,,,,,TRUE,
24/05/2023,Pak Yanto,Andy,BERKAH MOTOR (Bogor),24/03,23C01465,FALSE,4703181,3200,sYkY5B6q,B. BTN,No. TP 193959,30/05,4700000,,,,FALSE,Lebih 19
24/05/2023,Pak Yanto,Andy,JEANE MOTOR,20/02,23B01223,TRUE,3116392,,,,,,,Gs8C2803,24/05,3116391,FALSE,
24/05/2023,,,,06/03,23C00289,FALSE,1205660,,,,,,,,,,TRUE,
24/05/2023,Pak Yanto,Andy,SEKAR JAGAD MOTOR,17/02,23B01186,FALSE,12822054,,,,,,,680p3hqf,23/05,7822000,FALSE,"Pelunasan, Kurang 54"
24/05/2023,,,,02/03,23C00041,FALSE,248640,,,,,,,,,,TRUE,
24/05/2023,Pak Yanto,Andy,STAR MOTOR (Cibinong),28/02,23B02040,FALSE,3885000,,,,,,,C15xwc6P,24/05,3885000,FALSE,
24/05/2023,,,,16/03,23C01002,FALSE,4609963,,,,,,,,,,TRUE,
24/05/2023,Pak Yanto,Andy,ABADI JAYA MOTOR (Parung Banteng),03/03,23C00110,FALSE,1027971,1028000,,,,,,,,,FALSE,Lebih 29
24/05/2023,Pak Yanto,Andy,ACC MOTOR (Bogor),11/03,23C00660,FALSE,4776996,,,,,,,,,,TRUE,
24/05/2023,Pak Yanto,Andy,DENIS MOTOR CYCLE,30/12,22L02597,FALSE,6607763,,,,,,,LtxOj4B9,24/05,3469500,FALSE,"Pelunasan, Lebih 15"
24/05/2023,,,,24/01,23A01078,FALSE,1534997,,,,,,,,,,TRUE,
24/05/2023,,,,31/01,23A01867,FALSE,6369213,,,,,,,,,,TRUE,
24/05/2023,,,,24/02,23B01711,FALSE,3437515,,,,,,,,,,TRUE,
24/05/2023,,,,24/02,23B01714,FALSE,20220038,,,,,,,,,,TRUE,
24/05/2023,Pak Yanto,Andy,PRATAMA MOTOR (Bogor),08/12,22L00455,FALSE,21292897,1500000,,,,,,,,,FALSE,Cicilan ke-7
24/05/2023,,,,30/12,22L02665,FALSE,7179869,,,,,,,,,,TRUE,
24/05/2023,,,,19/01,23A00873,FALSE,6432783,,,,,,,,,,TRUE,
24/05/2023,Pak Yanto,Andy,MANDIRI MOTOR (Bogor),09/02,23B00485,FALSE,25159848,,,,,,,00640612,23/05,25159848,FALSE,
24/05/2023,,,,21/02,23B01453,FALSE,2306924,,,,,,,,,,TRUE,
24/05/2023,,,,22/02,23B01488,FALSE,2051280,,,,,,,,,,TRUE,
24/05/2023,,,,25/02,23B01843,FALSE,1025640,,,,,,,,,,TRUE,
24/05/2023,,,,13/03,23C00702,FALSE,45366144,,,,,,,,,,TRUE,
24/05/2023,Pak Yanto,Andy,DAMAI MOTOR (Bogor),17/02,23B01104,TRUE,9039507,,,,,,,8i047k9X,22/05,11727761,FALSE,
24/05/2023,,,,21/02,23B01320,TRUE,1000277,,,,,,,,,,FALSE,
24/05/2023,,,,21/02,23B01433,TRUE,1687977,,,,,,,,,,FALSE,
24/05/2023,,,,02/03,23C00032,FALSE,8030295,,,,,,,,,,TRUE,
24/05/2023,,,,04/03,23C00187,FALSE,2319290,,,,,,,,,,TRUE,
24/05/2023,,,,16/03,23C01001,FALSE,11321445,,,,,,,,,,TRUE,
24/05/2023,Pak Yanto,Andy,ICHA MOTOR SPORT,13/02,23B00716,FALSE,13769606,,,,,,,j10R94yc,23/05,4000000,FALSE,"Pelunasan Rp 2.769.606,-"
24/05/2023,,,,25/02,23B01801,FALSE,17049245,,,,,,,,,,FALSE,"Cicilan ke-1 Rp 1.230.394,-"
24/05/2023,,,,25/02,23B01804,FALSE,4720275,,,,,,,,,,FALSE,
24/05/2023,Pak Yanto,Andy,MEGA MOTOR (Gajrug),17/03,23C01061,FALSE,42658854,,,,,,,3612lPI8,19/05,5000000,FALSE,Cicilan ke-4
24/05/2023,,,,17/03,23C01067,FALSE,35250936,,,,,,,,,,TRUE,
24/05/2023,Dll,Eko,NUSANTARA MOTOR (Rangkas Bitung),22/05,23E01573,FALSE,2321998,2322000,,,,,,,,,FALSE,Lebih 2
24/05/2023,,,,17/05,23E01369,FALSE,4706977,4707000,,,,,,,,,FALSE,Lebih 23
24/05/2023,Dll,Hendra,AREN HOJAYA MOTOR,22/05,23E01540,FALSE,114730,114700,,,,,,,,,FALSE,Kurang 30
24/05/2023,Dll,Sumarna,BERKAH MOTOR (Kronjo),17/05,23E01352,FALSE,2589075,2589000,,,,,,,,,FALSE,Kurang 75
24/05/2023,Dll,Eko,MILENIUM MOTOR (Sunter),22/05,23E01522,FALSE,142391,142400,,,,,,,,,FALSE,Lebih 9
24/05/2023,Dll,Eko,PONTI JAYA MOTOR,23/05,23E01660,FALSE,475524,475500,,,,,,,,,FALSE,Kurang 24
24/05/2023,Dll,Widodo,SUKSES ABADI MOTOR,22/05,23E01636,FALSE,1287156,1287200,,,,,,,,,FALSE,Lebih 44
24/05/2023,Dll,Sugianto,MARGANDA MOTOR,17/05,23E01268,FALSE,1090298,1090300,,,,,,,,,FALSE,Lebih 2
24/05/2023,Dll,Hendra,GUDANG OLI,19/05,23E01401,FALSE,165501,165500,,,,,,,,,FALSE,Kurang 1
24/05/2023,Dll,Hendra,PULO SIRIH OLIMART,20/05,23E01481,FALSE,1233543,1233500,,,,,,,,,FALSE,Kurang 43
24/05/2023,Dll,Hendra,HOBIR MOTOR,19/05,23E01448,FALSE,3787642,3787600,,,,,,,,,FALSE,Kurang 42
24/05/2023,Dll,Hendra,GLOBAL X MOTOR (GXM),22/05,23E01498,FALSE,4695744,4695700,,,,,,,,,FALSE,Kurang 44
24/05/2023,,,,22/05,23E01577,FALSE,1435008,1435000,,,,,,,,,FALSE,Kurang 8
24/05/2023,,,,19/05,23E01444,FALSE,16981446,16981400,,,,,,,,,FALSE,Kurang 46
24/05/2023,Dll,Andy,DUNIA MOTOR (Ciracas),17/05,23E01326,FALSE,7966137,,,,,,,84C52T76,23/05,7966137,FALSE,
24/05/2023,Dll,Eko,PADA SUKA MOTOR (Palmerah),16/05,23E01078,FALSE,29957990,,,,,,,5A6jLb5y,23/05,29957989,FALSE,
24/05/2023,Dll,Hendra,PT. PRIMA MOTOR UTAMA,19/05,23E01445,FALSE,1819068,,,,,,,664Y85U7,22/05,1819068,FALSE,
24/05/2023,Pak Yanto,Eko,SENTRAL MOTOR (Serang),18/03,23C01186,FALSE,28755993,89600,1KaTU5d0,Panin Bank,No. BG 234391,20/06,4700000,,,,,Kurang 20
24/05/2023,Pak Yanto,Eko,SENTRAL MOTOR (Serang),18/03,23C01186,FALSE,28755993,,HT139768,Panin Bank,No. BG 234388,23/06,10000000,,,,,
24/05/2023,Pak Yanto,Eko,SENTRAL MOTOR (Serang),18/03,23C01186,FALSE,28755993,,kjiW0wVw,Panin Bank,No. BG 234389,26/06,10000000,,,,,
24/05/2023,Pak Yanto,Eko,SENTRAL MOTOR (Serang),18/03,23C01186,FALSE,28755993,,ne56L42T,Panin Bank,No. BG 234390,28/06,10000000,,,,,
24/05/2023,Pak Yanto,Eko,SENTRAL MOTOR (Serang),20/03,23C01274,FALSE,1289376,,ne56L42T,Panin Bank,No. BG 234390,28/06,10000000,,,,,
24/05/2023,Pak Yanto,Eko,SENTRAL MOTOR (Serang),30/03,23C02045,FALSE,1041180,,ne56L42T,Panin Bank,No. BG 234390,28/06,10000000,,,,,
24/05/2023,Pak Yanto,Eko,SENTRAL MOTOR (Serang),31/03,23C02122,FALSE,3703071,,ne56L42T,Panin Bank,No. BG 234390,28/06,10000000,,,,,
24/05/2023,Dll,Eko,SUN MOTOR (Jakut),16/05,23E01241,FALSE,24710554,,,,,,,vozd2U2v,26/05,100000000,,
24/05/2023,Dll,Eko,SUN MOTOR (Jakut),17/05,23E01248,FALSE,120953803,,,,,,,vozd2U2v,26/05,100000000,,
24/05/2023,Dll,Eko,SUN MOTOR (Jakut),17/05,23E01248,FALSE,120953803,,,,,,,k20tUtr9,02/06,45664356,,
24/05/2023,Dll,Sugianto,MULTI JAYA MOTOR 3,31/05,23E02604,FALSE,4069538,,,,,,,g180f5fl,07/06,4069537,,
